first_name,last_name,username,password
Traver,Roloff,200008,8yhdg8
Crin,Mallison,200012,myq4vz
Haley,Chave,200017,oxoola
Nevin,Windmill,200018,wlsta1
Francisca,Dolton,200021,prgoe1
Link,Sieur,200024,5glq04
Abigail,Southby,200026,nbpdrq
Jedediah,Bass,200028,pg3d8x
Christophe,Bickardike,200029,ux26s1
Perl,Musk,200030,99zal4
Franchot,Yeo,200036,d0bke9
Elinor,Braundt,200037,ouqaid
Emma,Kiddey,200038,sy6a77
Vincenz,Darrington,200043,zxx7yv
Faustina,Claiden,200045,6evbl1
Anni,Mille,200047,n7hfkc
Erek,Wayte,200050,skxwc0
Lucien,Rubinovici,200052,nnqxap
Steward,Braisted,200053,wzejo1
Stephanie,Teague,200054,lmsy0l
Sasha,Gerauld,200056,0jkgsn
Drucy,Alfuso,200058,uc2ha8
Elvera,Jendrusch,200064,en9mk7
Kendell,Openshaw,200065,fi8rbw
Jilleen,Gannicott,200067,jfx82d
Abramo,Ricketts,200068,rakyc0
Aloysius,Habeshaw,200070,2om52j
Reiko,Favell,200071,elsbui
Silvia,O'Fergus,200074,732ris
Alysia,McGreal,200077,kolmzv
Niko,Putterill,200081,prbnth
Yolanthe,McSharry,200083,60fzav
Chevy,Cadney,200084,8w3662
Grazia,Spere,200085,z6bsie
Ad,Weond,200086,9s9kp5
Alford,Faiers,200088,1z56ih
Jdavie,Ayrton,200091,yzkh2u
Gert,Beaby,200092,ewm9oa
Katrinka,Herculeson,200093,pgcpjp
Bax,Vannozzii,200095,3cilqk
Oralle,Been,200097,9uer7f
Vinita,Denson,200100,z93klq
Donnie,Woodhead,200101,ak1kfd
Francyne,Aim,200103,7nkwz7
Avrom,O'Regan,200104,65n0gg
Elora,Poley,200106,phynpn
Veradis,Winterbotham,200109,hs4x2p
Benni,Goligly,200112,b33zhx
Emmet,O'Clery,200115,7vby6d
Chrysler,Coulthart,200118,9r0n4z
Aron,Haywood,200120,9hny0f
Brinn,Giovannacci,200121,xsuqdq
Alaine,Spraggon,200124,qpykfc
Burr,Nacey,200126,dxloaa
Daryn,Carley,200127,jmlncs
Gerda,Laurisch,200132,84qk7t
Idell,Soall,200136,mde7rr
Byrle,Flode,200138,5xz8z2
Marielle,Daniaud,200139,c3e9sj
Vanni,Esley,200140,xn6sdq
Tillie,Stubbe,200143,zmzmub
Wally,Boggish,200145,x4y9ri
Perla,Boobyer,200147,mwt0ww
Phip,Grinov,200148,n8a2ch
Antoni,Brazelton,200150,ss776v
Aila,Linning,200152,la1jhu
Manny,Mouland,200153,k8k72k
Almeda,Stother,200157,lcr41i
Denny,Lapping,200158,7d6jg2
Ben,Jacob,200162,a0nfw6
Danette,Rollin,200164,io0nej
Kyle,Jeandel,200165,hc1cv6
Arda,Bootes,200168,tnp8dj
Free,Cannicott,200171,hzj5ws
Teri,Caudrelier,200173,bzyuxn
Marie,Staples,200179,kasejd
Hewett,Bineham,200181,g2svbk
Rem,St. Quentin,200183,atmlz4
Winona,Leverage,200186,0x9lv1
Chet,Muddimer,200187,bvo31f
Brendan,Erbain,200189,cnk5yl
Thorpe,Masarrat,200190,aw9nix
Olimpia,Rain,200191,4racup
Byrle,Dowdam,200192,xryepv
Ferrel,Blakes,200193,b191ff
Reginauld,Ennion,200197,ahmq8t
Maggi,Dight,200199,1dl54b
Gerhard,Grisard,200201,u28z0j
Bartlett,Cluse,200203,jcw72s
Salomone,Aitkenhead,200205,o4nlus
Bernie,Tweedell,200206,ur0t25
Evanne,Wybourne,200209,dj3shx
Ediva,Baudacci,200211,e7pyna
Astra,Dransfield,200213,ydvhmn
Helen,Lysons,200215,ke1uvu
Cynde,Scholte,200216,hhrph3
Emmanuel,Semper,200217,boqgcu
Christabella,Crosdill,200218,gx3suq
Prudi,Ebbing,200220,zfunq5
Henrietta,Grigoryev,200224,68czqd
Gay,Wardall,200227,yuzxuf
Erasmus,Bowmen,200228,rv24no
Jewelle,Riach,200229,8ushgr
Chris,Mallabar,200230,ekq2i8
Beverly,Applegarth,200231,kdoum9
Levey,Prigmore,200232,hkn7zv
Randell,Henriquet,200236,d2xxwz
Stormie,Howsego,200239,k63een
Rafi,Boldero,200241,0mgs0o
Doe,McInteer,200242,idfgnm
Milka,Hutchins,200243,5okt0f
Hedvige,Tabrett,200245,fj9mfj
Indira,Aburrow,200246,lxv3h2
Maure,Jamison,200248,bheu8u
Kaile,Crichley,200251,5s9unr
Abbye,Maycey,200252,7449k0
Anton,Lung,200257,i5caxv
Waylon,Wittey,200264,l2n6mo
Tiphany,Jaycock,200266,ug3x3m
Garey,Scherme,200267,p5l61b
Viviana,M'Quharg,200270,grb7oz
Eden,Kummerlowe,200271,yolxuj
Tallulah,Reubbens,200272,ir987k
Corney,De Malchar,200274,kxrk1u
Rae,Windibank,200276,x2agn4
Andrew,Pritchard,200280,jk2vnj
Pippo,McKeag,200283,cepx2d
Paxon,Taffie,200288,7h6sju
Theodosia,Kitman,200293,dni4mw
Kaitlynn,Franceschi,200296,lili0a
Tanny,Sidry,200299,9y0dhw
Vicky,Townsley,200301,g8kac0
Pris,Pfaffe,200305,9iaagg
Hyacinthie,Really,200306,7yxd5h
Virgil,Parradice,200309,jxa0x9
Bernita,Blackborough,200311,uc7be0
Harold,Hackly,200316,yrywwv
Mella,O'Corren,200318,yroj8s
Ignatius,Lindner,200319,652nx2
Nedda,Garrold,200321,bix762
Ursola,Copyn,200322,jzde4n
Dixie,Stife,200328,6uocb3
Hershel,Arrighini,200332,qeikr9
Sherman,Zorzini,200333,ce2zur
Blythe,Tripean,200336,e9xas6
Krisha,Pankettman,200345,og2crk
Rosalinda,Shapcott,200348,dfk45d
Theodosia,Lebrun,200349,fqh3f7
Arleyne,Goodred,200350,542r4h
Brantley,de Vaen,200351,fnb297
Megan,Wasielewicz,200352,bqo502
Peadar,Oppy,200356,z3y2jw
Arabel,Roches,200357,f1n7nn
Brandise,Durrance,200359,vevbsg
Livvie,Eccleston,200361,cw5fkr
Horten,Braunfeld,200363,ftv7vi
Roland,Ludron,200369,jh8jxp
Ninnette,Watkiss,200376,wd89li
Jeanette,Doctor,200381,7f8pgp
Myrwyn,Suggitt,200382,ujkzuv
Ingunna,Paz,200387,au5d7c
Candy,Brunnen,200390,248h8z
Carree,Assandri,200392,zehr5f
Erinna,Arstingall,200395,i275l9
Otis,Balassa,200398,6kcjy1
Obidiah,Ivanikhin,200401,nxraop
Patty,Wybrew,200402,21q1ud
Frieda,Atherley,200403,6o0nw8
Zebulen,Seniour,200406,gqfi1d
Hope,Oats,200407,jx2wom
Bernhard,Graves,200409,z40qcp
Donetta,Lucio,200411,nsg1ua
Ginnie,Dunnion,200415,nlrp7u
Berty,Teulier,200421,27dk8s
Leann,Burrass,200422,36szgp
Oran,Gibbie,200424,cqwzgv
Diane-marie,Rosborough,200426,xvw1pg
Mercy,Troucher,200429,ber30i
Maridel,Dalyell,200430,yqrjsb
Andrew,Pavy,200433,csc0rx
Dulsea,Verlinden,200440,hyosk3
Monique,Sainte Paul,200441,je588l
Shelly,Ferney,200442,4vb4y1
Keely,Dunford,200447,bud77p
Bevon,Jessett,200449,j773z4
Gardiner,Lakey,200450,5krhp7
Lilli,Roches,200451,g9k5ia
Aldon,Ellwand,200456,drsq2n
Sarah,Kittoe,200465,us056c
Eugine,Puttrell,200466,d7j2kr
Palm,Hummerston,200468,zr417d
Gaby,Lauks,200470,31g84e
Kelvin,Castille,200472,fream8
Leilah,Cremer,200473,ud9lc3
Claudia,Lavens,200477,m4ekn2
Willabella,Godbert,200479,hj5o0u
Cherye,Vitte,200482,n4gis5
Gilbertine,Krysztofowicz,200486,3vkd7q
Maudie,Allott,200488,7snsw5
Fernande,Laflin,200490,i83x9y
Bridgette,Lean,200492,q744dy
Gan,Sisnett,200494,counda
Murielle,Brimmell,200498,0qp5qj
Amberly,Weaben,200503,jnn05r
Kelwin,Lago,200506,6t4a5w
Andeee,Vaulkhard,200509,j4sbee
Des,Loweth,200511,wzvdcm
Ida,Camacke,200514,eltwqw
Madonna,Strevens,200516,t9nspm
Iago,Fermor,200521,ypwht2
Johnath,Venning,200527,w1rzbj
Rabi,Gino,200529,kcghxd
Jasmin,Shercliff,200530,c0gfzg
Ulrika,Masedon,200531,0kbof3
Kennedy,Esel,200532,bo2dxm
Dietrich,Tilson,200534,hf6tyz
Hewie,Stephenson,200536,q4u2wd
Tobye,MacClay,200543,aw6m1c
Genovera,Drivers,200548,snx2ma
Kelila,Frankum,200550,u4pt5t
Torr,Casetta,200553,h1d956
Chrissy,Baversor,200554,f0tl19
Elspeth,Antyshev,200555,thoudp
Barry,Timmis,200563,j3guos
Geneva,Schwieso,200564,z22sbd
Tanny,McGowran,200565,z20yok
Sigmund,Kalinowsky,200568,yzey6b
Dayna,Spencook,200570,z86eku
Babs,Rizzello,200572,tjiur4
Uriel,Edwardson,200574,fb5sfy
Cecile,Shwenn,200575,4dlhbz
Marcelo,Heinel,200579,xqbogz
Marni,Dodle,200585,94wo43
Carlen,McAvin,200589,tu24bz
Steffane,Bagley,200593,8nk93s
Pepito,Domerq,200595,chuvml
Mariana,Piel,200596,zonm4s
Tasia,Sowley,200597,5cmeaa
Gustaf,Castagne,200598,xfkbad
Yves,Neasam,200599,j0pt3f
Darb,Cubbon,200602,faag26
Ardra,Iston,200605,ggzzx5
Rodger,Virgoe,200608,n98sgz
Florenza,Arlt,200609,u6ap11
Gerianne,Rohloff,200611,fqtiao
Joyous,Rubee,200612,c6xl5d
Sella,Looks,200616,az1q7h
Francklin,De La Salle,200618,ui1yeu
Niven,Bein,200619,yogoo5
Tull,McAulay,200620,ic1z3i
Darsey,Gotfrey,200621,8m5r15
Olly,Francesconi,200625,3l3ezt
Roarke,Matousek,200626,rd4zgz
Doralia,Girodier,200633,6o14ou
Sheeree,Benardeau,200635,zfpakl
Jourdan,Gaskell,200636,4sbrqh
Alwyn,Rattray,200638,57oyb4
Marika,Tratton,200642,7p19yy
Paulo,Kennsley,200646,i0p55z
Marty,Martelet,200648,pwzjwa
Brigitta,Mathews,200650,atcrzl
Jordana,Jupe,200661,w6bj0i
Alfred,Wareing,200662,d4snxk
Eada,Ewington,200667,l39mnb
Ailbert,Fawke,200668,sy7v2q
Gail,Drejer,200679,t3522j
Harv,Ashley,200680,c0hizg
Zonda,Trimble,200681,arpd1v
Kimberlyn,Bernli,200685,a10eps
Theresa,Bouda,200686,igrjxt
Evered,Baglow,200688,hyzn9e
Correy,Ridler,200691,r94tch
Consolata,Cawley,200693,vp9zc8
Krishna,Sabie,200697,4adbtq
Hayden,Hevey,200701,9waeww
Randall,Storek,200704,bi0ian
Frazer,Ellar,200708,gt0d6b
Truman,Havill,200709,iyd90k
Stanton,McLeod,200710,0c8poc
Maury,Matthewes,200712,55r0mn
Anselm,Belle,200713,9ez3l2
Tammy,Parrin,200715,m2fndl
Manfred,Glawsop,200716,o1n4ek
Jessee,Pegden,200718,az50l6
Ronny,Roomes,200720,cserf8
Marita,Dunston,200725,kvp42o
Ellissa,Bartelot,200726,aqxyqx
Towney,Furst,200727,jtw8km
Morten,Dallimore,200728,hyzjva
Kira,McGeever,200730,g4pzfi
Deloris,Bratt,200732,co9uaa
Melisa,Flavelle,200734,d4q7ay
Kayle,Glanert,200736,1y6z63
Patrizius,Flanagan,200741,4hjh3y
Jesse,Linham,200745,3wox1x
Wang,Arnison,200746,io90y5
Lacie,Joyce,200755,ytvcm7
Deborah,Shillaker,200762,1ge1fk
Goldi,Hanlon,200763,usoboo
Marillin,Emptage,200768,0fg9in
Inness,Spratt,200773,vpd66p
Vick,Twidle,200774,r40wtq
Sindee,Toghill,200779,dud437
Vickie,Letham,200780,81pc1h
Eveline,Sacher,200787,s5mv7j
Gun,Razoux,200790,z4n740
Nissy,Bourdon,200791,ph3r8p
Valma,Barby,200792,3t4haf
Krystyna,Meneur,200793,ithm8k
Corenda,McAvaddy,200795,elaoiz
Darla,Runacres,200797,eq24r1
Kienan,Baraja,200799,bqvgix
Gray,Sturgess,200809,2z698w
Cirilo,Tomson,200810,3q8u7v
Burtie,Saban,200816,53mm76
Parnell,Hilldrup,200819,z82l70
Tate,Tennison,200823,oacx18
Matthieu,Burgan,200824,ufbxg3
Heda,Zylbermann,200826,vcg0cf
Corabella,Keelin,200830,pyexvr
Tobe,Friatt,200831,gz9xe3
Flori,Biernacki,200833,66awss
Andrej,Lukianovich,200834,phyk92
Franzen,Doag,200836,j20s6p
Padriac,McElhinney,200838,b68qk1
Val,cornhill,200841,yjdjqc
Egon,Buttel,200842,8qc72c
Winn,Batkin,200846,9o8a2l
Demetria,Driver,200847,jnjgd9
Lorene,Mackieson,200853,k5os8g
Hedwig,Harland,200857,noj44b
Immanuel,Derycot,200864,4670yb
Andromache,O'Glassane,200868,gwu0np
Liam,Yokelman,200869,y1owtc
Kenyon,Patifield,200871,appfah
Gayleen,Jeppensen,200872,gbh9e2
Amaleta,Cross,200874,xpxcyc
Lavinia,Fevier,200876,b10972
Tito,Passman,200877,fecgtz
Noll,Sparshutt,200878,e6zpae
Alvin,Mault,200880,ah3wse
Joni,Carragher,200881,hwb923
Kristofer,Boatwright,200882,20qgyp
Elita,Lotte,200883,oimoq0
Arlana,Arrell,200885,uvtv2s
Brennen,McAnulty,200887,i388qs
Roseanna,Kilborn,200888,41c89q
Shelba,Domm,200889,odz8ad
Lynnette,Kerwick,200902,2rzepp
Louella,Mingardo,200904,y5xdw3
Enrika,Ivanuschka,200911,vkx7d6
Claudette,Ineson,200915,1kb5ol
Pierce,Elsom,200917,p6tjg6
Gilda,Leatham,200923,id22yz
Cirilo,Habbema,200924,sojr1z
Lowell,Makeswell,200928,zpfvby
Towney,Maskall,200929,flugd1
Hortense,Biskup,200933,47lsul
Lutero,Craske,200934,jsvxsd
Broderick,Kervin,200935,4o5s6t
Baily,Freiberg,200938,gdfjph
Hatti,Oldroyd,200940,1fwg1r
Joanna,Povey,200946,y8s8eh
Devonna,Collar,200952,ta1xp5
Dennison,Shwalbe,200955,5edt35
Blondy,Denge,200957,tkq8ue
Gracie,Yarham,200960,uo5sp7
Ingemar,Hildrew,200961,meslr7
Stirling,Burchatt,200962,xt4qdw
Leroi,Brothers,200963,vvezsq
Katalin,Caseley,200964,la8wje
Cecilla,Liddicoat,200970,kf2qbb
Maryellen,Moore,200971,erb4pg
Lief,Ledekker,200973,qrqn0o
Katalin,Haythornthwaite,200975,qx908g
Helge,Tripett,200976,nih33p
Gray,Siddele,200978,1ewthk
Rowena,Coultous,200979,fk8jt1
Etan,Rice,200981,ee0p30
Ansell,Wilcot,200983,q92ky5
Laverna,Thulborn,200986,0uh3st
Thia,Hartwright,200987,h1mz4u
Joseph,Jeacock,200989,tagecc
Pedro,Matskevich,200990,vq3h6x
Theodoric,Gooderidge,200995,bkfkvj
Nappy,Iacomettii,200001,591j6u
younghwan,yu,yyh,1234
